{
  "project_info": {
    "project_number": "191509062607",
    "firebase_url": "https://recyclerviewfirebase-8a059.firebaseio.com",
    "project_id": "recyclerviewfirebase-8a059",
    "storage_bucket": "recyclerviewfirebase-8a059.appspot.com"
  },
  "client": [
    {
      "client_info": {
        "mobilesdk_app_id": "1:191509062607:android:eb85505f95db0e4f09e8ba",
        "android_client_info": {
          "package_name": "com.example.recyclerviewfirebase"
        }
      },
      "oauth_client": [
        {
          "client_id": "191509062607-i441lmqjun2kd1sluu2jdi3i2t6i70p5.apps.googleusercontent.com",
          "client_type": 1,
          "android_info": {
            "package_name": "com.example.recyclerviewfirebase",
            "certificate_hash": "525373b4141b416f814307ff7e9ea6192f560a00"
          }
        },
        {
          "client_id": "191509062607-dkfbl7ts2a0kl251blnqmaklh948403e.apps.googleusercontent.com",
          "client_type": 3
        }
      ],
      "api_key": [
        {
          "current_key": "AIzaSyBWO3C053GfD3u3y7CREUFRj_tm75QMXzM"
        }
      ],
      "services": {
        "appinvite_service": {
          "other_platform_oauth_client": [
            {
              "client_id": "191509062607-dkfbl7ts2a0kl251blnqmaklh948403e.apps.googleusercontent.com",
              "client_type": 3
            }
          ]
        }
      }
    }
  ],
  "configuration_version": "1"
}